{
  "auth": [
    {
      "id": "1",
      "login": "no.mail@nomail.com",
      "password": "N0Password!"
    },
    {
      "id": "04bb",
      "login": "test",
      "password": "test"
    },
    {
      "id": "da1b",
      "login": "test",
      "password": "passpass"
    },
    {
      "id": "6513",
      "login": "test",
      "password": "testtest"
    },
    {
      "id": "2186",
      "login": "test",
      "password": "123456789"
    }
  ],
  "products": [
    {
      "desc": "Fruits",
      "imgUrl": "$1",
      "id": "1",
      "name": "Apple"
    },
    {
      "desc": "Fruits",
      "imgUrl": "$1",
      "id": "2",
      "name": "Dragonfruit"
    },
    {
      "desc": "Fruits",
      "imgUrl": "$2",
      "id": "3",
      "name": "Passionfruit"
    },
    {
      "desc": "Vegetables",
      "imgUrl": "$2",
      "id": "4",
      "name": "Spinach"
    },
    {
      "desc": "Vegetables",
      "imgUrl": "$4",
      "id": "5",
      "name": "Pumpkin"
    },
    {
      "desc": "Vegetables",
      "imgUrl": "$1",
      "id": "6",
      "name": "Peas"
    },
    {
      "id": "3f07",
      "name": "test3",
      "desc": "test for reload",
      "imgUrl": "calendar"
    },
    {
      "id": "8822",
      "name": "test4",
      "desc": "test for reloads",
      "imgUrl": "calendar"
    }
  ]
}